{
  "deer": {
    "precision": 0.8939393939393939,
    "recall": 0.7375,
    "f1-score": 0.8082191780821918,
    "support": 80.0
  },
  "elephant": {
    "precision": 0.782608695652174,
    "recall": 0.9,
    "f1-score": 0.8372093023255814,
    "support": 80.0
  },
  "leopard": {
    "precision": 0.7619047619047619,
    "recall": 0.6,
    "f1-score": 0.6713286713286714,
    "support": 80.0
  },
  "tiger": {
    "precision": 0.6421052631578947,
    "recall": 0.7625,
    "f1-score": 0.6971428571428572,
    "support": 80.0
  },
  "wolf": {
    "precision": 0.6904761904761905,
    "recall": 0.725,
    "f1-score": 0.7073170731707317,
    "support": 80.0
  },
  "accuracy": 0.745,
  "macro avg": {
    "precision": 0.754206861026083,
    "recall": 0.745,
    "f1-score": 0.7442434164100067,
    "support": 400.0
  },
  "weighted avg": {
    "precision": 0.754206861026083,
    "recall": 0.745,
    "f1-score": 0.7442434164100067,
    "support": 400.0
  }
}