{
  "deer": {
    "precision": 1.0,
    "recall": 0.23076923076923078,
    "f1-score": 0.375,
    "support": 13.0
  },
  "elephant": {
    "precision": 0.875,
    "recall": 0.5833333333333334,
    "f1-score": 0.7,
    "support": 12.0
  },
  "leopard": {
    "precision": 0.3125,
    "recall": 1.0,
    "f1-score": 0.47619047619047616,
    "support": 15.0
  },
  "tiger": {
    "precision": 0.0,
    "recall": 0.0,
    "f1-score": 0.0,
    "support": 5.0
  },
  "wolf": {
    "precision": 0.5,
    "recall": 0.15,
    "f1-score": 0.23076923076923078,
    "support": 20.0
  },
  "accuracy": 0.4307692307692308,
  "macro avg": {
    "precision": 0.5375,
    "recall": 0.3928205128205128,
    "f1-score": 0.35639194139194136,
    "support": 65.0
  },
  "weighted avg": {
    "precision": 0.5875,
    "recall": 0.4307692307692308,
    "f1-score": 0.38512679628064245,
    "support": 65.0
  }
}