{
  "deer": {
    "precision": 1.0,
    "recall": 0.23076923076923078,
    "f1-score": 0.375,
    "support": 13.0
  },
  "elephant": {
    "precision": 0.6666666666666666,
    "recall": 0.5,
    "f1-score": 0.5714285714285714,
    "support": 12.0
  },
  "leopard": {
    "precision": 0.30612244897959184,
    "recall": 1.0,
    "f1-score": 0.46875,
    "support": 15.0
  },
  "tiger": {
    "precision": 0.0,
    "recall": 0.0,
    "f1-score": 0.0,
    "support": 5.0
  },
  "wolf": {
    "precision": 0.5,
    "recall": 0.1,
    "f1-score": 0.16666666666666666,
    "support": 20.0
  },
  "accuracy": 0.4,
  "macro avg": {
    "precision": 0.4945578231292517,
    "recall": 0.36615384615384616,
    "f1-score": 0.3163690476190476,
    "support": 65.0
  },
  "weighted avg": {
    "precision": 0.5475667189952904,
    "recall": 0.4,
    "f1-score": 0.3399496336996337,
    "support": 65.0
  }
}