{
  "deer": {
    "precision": 0.863013698630137,
    "recall": 0.7875,
    "f1-score": 0.8235294117647058,
    "support": 80.0
  },
  "elephant": {
    "precision": 0.8275862068965517,
    "recall": 0.9,
    "f1-score": 0.8622754491017964,
    "support": 80.0
  },
  "leopard": {
    "precision": 0.9038461538461539,
    "recall": 0.5875,
    "f1-score": 0.7121212121212122,
    "support": 80.0
  },
  "tiger": {
    "precision": 0.66,
    "recall": 0.825,
    "f1-score": 0.7333333333333333,
    "support": 80.0
  },
  "wolf": {
    "precision": 0.7045454545454546,
    "recall": 0.775,
    "f1-score": 0.7380952380952381,
    "support": 80.0
  },
  "accuracy": 0.775,
  "macro avg": {
    "precision": 0.7917983027836595,
    "recall": 0.7749999999999999,
    "f1-score": 0.7738709288832573,
    "support": 400.0
  },
  "weighted avg": {
    "precision": 0.7917983027836596,
    "recall": 0.775,
    "f1-score": 0.7738709288832571,
    "support": 400.0
  }
}